1,Петрова Алина Михайловна,89583571078,24
2,Любимова Оксана Дмитриевна,89403800575,37
3,Петров Иван Артемович,89869808513,40
4,Крохалев Иван Дмитриевич,89070330803,36
5,Толстоногов Данила Петрович,89902252732,60
6,Лобцов Георгий Иванович,89532682826,56
7,Любимова Елена Артемовна,89149184318,21
8,Крохалева Татьяна Олеговна,89339658510,64
9,Попов Сергей Олегович,89306276987,28
10,Толстоногова Елена Петровна,89522155671,60
11,Петрова Ольга Артемовна,89712695654,70
12,Любимова Мария Михайловна,89427930448,52
13,Михайлов Сергей Артемович,89666355120,55
14,Петров Дмитрий Петрович,89880304626,64
15,Иванов Дмитрий Петрович,89436446436,28
16,Попова Ольга Петровна,89094736925,56
17,Лобцова Анастасия Артемовна,89457502377,41
18,Петров Дмитрий Иванович,89677338545,65
19,Сидорова Милена Дмитриевна,89069041944,34
20,Петров Георгий Алексеевич,89241890476,45
21,Петров Николай Алексеевич,89240987068,24
22,Попова Алина Артемовна,89827610356,67
23,Толстоногов Дмитрий Петрович,89227048192,53
24,Толстоногова Валерия Олеговна,89610663270,24
25,Петрова Милена Алексеевна,89714955892,47
26,Петрова Татьяна Ивановна,89555674122,41
27,Сидоров Иван Олегович,89052607225,27
28,Иванова Алина Ивановна,89414898766,21
29,Крохалева Оксана Олеговна,89284431896,20
30,Толстоногов Георгий Алексеевич,89144189442,32
31,Лобцова Мария Дмитриевна,89774813669,62
32,Попова Милена Олеговна,89023547178,34
33,Крохалева Валерия Олеговна,89894136833,51
34,Сидоров Данила Михайлович,89599612788,37
35,Толстоногова Оксана Артемовна,89101355693,22
36,Сидорова Валерия Дмитриевна,89464349745,33
37,Толстоногов Алексей Михайлович,89165940388,70
38,Иванов Николай Артемович,89868298961,58
39,Толстоногов Иван Иванович,89208776319,63
40,Петрова Елена Артемовна,89537554586,45
41,Толстоногов Николай Алексеевич,89537293560,56
42,Иванова Оксана Дмитриевна,89432613275,29
43,Сидоров Алексей Михайлович,89773837541,61
44,Сидорова Елена Алексеевна,89706011057,64
45,Михайлов Алексей Дмитриевич,89561883498,36
46,Иванов Николай Олегович,89162117460,42
47,Толстоногов Дмитрий Артемович,89695253799,45
48,Толстоногов Данила Олегович,89492496183,34
49,Лобцова Мария Артемовна,89000120077,38
50,Крохалева Милена Артемовна,89001995854,70
51,Попов Никита Артемович,89029636902,27
52,Петров Никита Петрович,89430511838,50
53,Толстоногов Георгий Иванович,89334948088,43
54,Сидорова Алина Петровна,89225623738,22
55,Крохалев Дмитрий Дмитриевич,89072295627,38
56,Попова Татьяна Алексеевна,89083535293,56
57,Попова Ольга Михайловна,89033072027,64
58,Толстоногова Милена Артемовна,89911126899,39
59,Лобцова Мария Олеговна,89329100108,56
60,Иванов Алексей Михайлович,89124945746,40
61,Сидорова Елена Артемовна,89035947002,38
62,Иванов Георгий Олегович,89226733861,38
63,Лобцова Мария Олеговна,89278693506,64
64,Лобцова Оксана Ивановна,89265056638,60
65,Толстоногов Алексей Алексеевич,89713173621,56
66,Толстоногов Николай Михайлович,89094391787,28
67,Иванова Оксана Олеговна,89958416514,48
68,Сидоров Николай Артемович,89298323658,69
69,Попова Ольга Михайловна,89899421181,51
70,Петрова Мария Петровна,89749006437,38
71,Любимова Татьяна Михайловна,89550792710,38
72,Сидорова Оксана Петровна,89133008134,45
73,Петрова Ольга Артемовна,89266445677,56
74,Сидорова Мария Олеговна,89947658505,22
75,Попова Алина Дмитриевна,89909622240,20
76,Иванова Мария Алексеевна,89227971472,29
77,Толстоногова Оксана Ивановна,89918224049,28
78,Толстоногова Анастасия Михайловна,89619939785,50
79,Петрова Милена Алексеевна,89179720340,43
80,Сидорова Валерия Дмитриевна,89258762752,43
81,Толстоногова Ольга Дмитриевна,89494121071,48
82,Попов Никита Алексеевич,89693477516,59
83,Любимова Мария Петровна,89227846307,29
84,Иванов Дмитрий Иванович,89253568661,68
85,Попова Валерия Алексеевна,89168070323,34
86,Попов Алексей Дмитриевич,89450773880,52
87,Михайлов Георгий Дмитриевич,89619390244,51
88,Толстоногова Милена Петровна,89066468348,51
89,Попов Данила Дмитриевич,89650202203,29
90,Любимова Мария Ивановна,89140230814,45
91,Михайлов Дмитрий Иванович,89481035534,57
92,Толстоногов Алексей Олегович,89638891658,42
93,Сидоров Иван Иванович,89015132559,66
94,Попова Анастасия Артемовна,89161336510,47
95,Попов Иван Иванович,89249554906,28
96,Крохалев Данила Алексеевич,89572181246,23
97,Михайлов Николай Михайлович,89533103624,63
98,Крохалев Алексей Петрович,89675695850,65
99,Михайлов Дмитрий Артемович,89757588847,52
100,Крохалева Валерия Олеговна,89780400659,39
101,Крохалева Мария Артемовна,89647891754,45
102,Попов Николай Олегович,89011665117,61
103,Любимова Татьяна Михайловна,89608144635,45
104,Попов Данила Алексеевич,89997887496,40
105,Михайлов Николай Дмитриевич,89140129422,25
106,Михайлов Георгий Иванович,89406787583,48
107,Иванов Георгий Дмитриевич,89213103559,59
108,Толстоногов Никита Алексеевич,89275795556,61
109,Попова Елена Артемовна,89918872026,63
110,Петров Иван Дмитриевич,89001755547,54
111,Сидорова Валерия Дмитриевна,89443791206,54
112,Михайлов Никита Олегович,89494880024,53
113,Крохалева Елена Алексеевна,89370235027,68
114,Иванов Алексей Олегович,89021714736,62
115,Толстоногова Оксана Алексеевна,89733237595,53
116,Лобцова Валерия Алексеевна,89349615972,49
117,Петрова Оксана Олеговна,89444894367,61
118,Попова Елена Артемовна,89140895837,63
119,Попова Анастасия Петровна,89659540601,57
120,Крохалев Никита Алексеевич,89133313430,68
121,Толстоногов Георгий Михайлович,89673795588,39
122,Любимова Милена Олеговна,89464800702,35
123,Крохалев Николай Петрович,89301954276,68
124,Попова Оксана Петровна,89146527190,39
125,Сидоров Никита Олегович,89648174934,24
126,Сидоров Николай Артемович,89378490779,55
127,Толстоногова Алина Артемовна,89273788512,24
128,Лобцов Георгий Алексеевич,89574296262,50
129,Иванов Николай Алексеевич,89885973530,34
130,Иванов Иван Артемович,89516451803,63
131,Михайлов Алексей Алексеевич,89691925025,30
132,Михайлов Сергей Алексеевич,89157710505,43
133,Попова Татьяна Олеговна,89512503678,59
134,Крохалева Оксана Дмитриевна,89149165196,22
135,Михайлов Никита Петрович,89999472738,52
136,Петрова Алина Артемовна,89977104037,49
137,Михайлов Иван Петрович,89947656038,27
138,Лобцов Данила Артемович,89816939423,26
139,Лобцов Дмитрий Дмитриевич,89498102724,34
140,Попов Данила Олегович,89098026149,29
141,Крохалева Ольга Артемовна,89519226463,50
142,Крохалева Алина Ивановна,89139684624,59
143,Иванов Никита Дмитриевич,89887428590,43
144,Сидорова Татьяна Михайловна,89660448473,44
145,Сидоров Николай Дмитриевич,89535542899,60
146,Иванов Данила Алексеевич,89848236645,67
147,Петрова Ольга Ивановна,89767802480,70
148,Петрова Оксана Олеговна,89064490481,56
149,Крохалев Данила Петрович,89765335000,30
150,Толстоногов Никита Михайлович,89201342429,62
151,Попова Анастасия Ивановна,89252826909,60
152,Иванов Георгий Артемович,89572815775,56
153,Толстоногова Мария Ивановна,89412512573,34
154,Лобцова Оксана Ивановна,89558069243,58
155,Иванова Милена Дмитриевна,89904102093,42
156,Петрова Алина Алексеевна,89065898507,66
157,Лобцова Елена Алексеевна,89758477846,31
158,Сидорова Оксана Олеговна,89324318421,60
159,Попов Сергей Михайлович,89302686526,48
160,Петров Алексей Алексеевич,89363143378,62
161,Попова Елена Петровна,89020713763,39
162,Попова Мария Артемовна,89451131163,32
163,Лобцов Алексей Дмитриевич,89036869546,57
164,Петров Иван Олегович,89035024470,46
165,Иванова Елена Михайловна,89069960578,52
166,Сидорова Оксана Артемовна,89986880662,32
167,Попова Ольга Ивановна,89607065913,68
168,Лобцова Ольга Петровна,89643525340,37
169,Крохалев Дмитрий Петрович,89208379031,63
170,Толстоногов Георгий Дмитриевич,89293159390,69
171,Крохалев Алексей Петрович,89169270931,37
172,Петров Георгий Михайлович,89090191974,57
173,Петров Дмитрий Алексеевич,89289283423,23
174,Лобцова Алина Петровна,89992758976,64
175,Сидоров Дмитрий Михайлович,89640516369,54
176,Крохалев Дмитрий Иванович,89521779290,25
177,Лобцова Татьяна Дмитриевна,89058468806,54
178,Крохалева Ольга Артемовна,89696621003,64
179,Иванов Данила Алексеевич,89497216437,62
180,Любимова Татьяна Ивановна,89844887711,65
181,Любимова Анастасия Ивановна,89106553359,42
182,Крохалева Мария Дмитриевна,89903179270,30
183,Попов Никита Дмитриевич,89859027474,48
184,Лобцова Милена Петровна,89792417991,62
185,Крохалев Николай Петрович,89957551506,58
186,Петрова Валерия Артемовна,89820067377,70
187,Крохалева Алина Михайловна,89559724121,29
188,Михайлов Иван Михайлович,89951092014,21
189,Крохалев Георгий Петрович,89897762708,57
190,Сидорова Мария Петровна,89302781196,38
191,Сидоров Никита Дмитриевич,89977695826,68
192,Лобцова Валерия Петровна,89071748861,64
193,Крохалев Николай Петрович,89592910213,30
194,Толстоногова Елена Алексеевна,89324379250,35
195,Попов Дмитрий Артемович,89540649817,66
196,Лобцов Николай Петрович,89276365954,23
197,Иванов Николай Дмитриевич,89766496564,55
198,Петрова Оксана Дмитриевна,89234614172,68
199,Михайлов Данила Петрович,89835818261,30
200,Лобцов Дмитрий Олегович,89786261152,67
201,Толстоногова Оксана Ивановна,89281625662,31
202,Толстоногова Елена Ивановна,89485817000,61
203,Попова Ольга Олеговна,89914551280,57
204,Любимова Алина Олеговна,89837993431,35
205,Крохалев Никита Алексеевич,89347485967,43
206,Иванов Николай Олегович,89090821564,31
207,Крохалева Оксана Артемовна,89672144614,54
208,Попов Никита Олегович,89742324788,22
209,Попова Анастасия Алексеевна,89423104428,45
210,Любимова Валерия Алексеевна,89750963620,57
211,Крохалев Никита Алексеевич,89252445035,35
212,Петров Георгий Алексеевич,89451674391,57
213,Иванова Алина Ивановна,89774620137,34
214,Лобцов Алексей Иванович,89262151548,53
215,Толстоногова Алина Дмитриевна,89035447526,58
216,Крохалев Иван Олегович,89851505177,31
217,Иванов Данила Артемович,89688659037,26
218,Иванов Данила Иванович,89593788352,52
219,Сидорова Алина Алексеевна,89396871076,40
220,Сидоров Сергей Михайлович,89671237445,35
221,Иванова Оксана Артемовна,89454745995,34
222,Любимова Алина Олеговна,89663488320,45
223,Попова Татьяна Артемовна,89464820540,30
224,Иванова Ольга Ивановна,89515951522,55
225,Иванов Сергей Дмитриевич,89483759117,52
226,Лобцов Никита Артемович,89217216456,53
227,Михайлов Георгий Олегович,89873978364,30
228,Попова Мария Дмитриевна,89891398756,21
229,Толстоногов Иван Иванович,89294514325,41
230,Толстоногов Данила Артемович,89864403964,48
231,Лобцов Дмитрий Алексеевич,89693161880,56
232,Сидоров Алексей Петрович,89682463552,26
233,Лобцова Елена Дмитриевна,89295247983,54
234,Толстоногова Валерия Ивановна,89817625124,36
235,Любимова Ольга Алексеевна,89021312037,44
236,Попова Алина Петровна,89003978330,56
237,Попова Мария Михайловна,89401813747,21
238,Попов Никита Артемович,89475556128,42
239,Попова Валерия Алексеевна,89471898448,38
240,Толстоногова Татьяна Ивановна,89648169997,41
241,Лобцов Алексей Алексеевич,89248979820,54
242,Лобцов Георгий Дмитриевич,89261227010,68
243,Лобцова Милена Дмитриевна,89244669239,21
244,Толстоногов Георгий Артемович,89903749614,40
245,Иванов Николай Михайлович,89960079203,32
246,Сидорова Ольга Олеговна,89136757016,54
247,Толстоногова Татьяна Алексеевна,89346133116,40
248,Толстоногова Елена Дмитриевна,89991457117,31
249,Сидоров Иван Михайлович,89902794283,65
250,Петров Сергей Алексеевич,89953615436,62
251,Попов Иван Алексеевич,89174406068,20
252,Попова Валерия Алексеевна,89400945760,26
253,Иванов Никита Иванович,89524669764,34
254,Крохалева Милена Михайловна,89565125918,20
255,Михайлов Георгий Михайлович,89318969784,45
256,Лобцов Дмитрий Михайлович,89801273506,35
257,Крохалев Алексей Иванович,89384782706,50
258,Крохалева Валерия Ивановна,89784436463,20
259,Лобцов Алексей Олегович,89528130604,29
260,Петрова Алина Олеговна,89688963834,59
261,Иванов Дмитрий Дмитриевич,89398459418,32
262,Лобцова Оксана Алексеевна,89955709229,38
263,Любимова Анастасия Михайловна,89008469385,36
264,Толстоногова Валерия Петровна,89508248279,45
265,Лобцов Николай Дмитриевич,89767853934,69
266,Иванов Сергей Дмитриевич,89779606195,68
267,Петрова Татьяна Михайловна,89878950811,54
268,Крохалева Татьяна Олеговна,89821342875,21
269,Сидорова Алина Артемовна,89595839863,47
270,Толстоногова Милена Алексеевна,89064917667,68
271,Толстоногова Мария Петровна,89719376999,48
272,Крохалев Николай Дмитриевич,89521918855,34
273,Иванов Никита Олегович,89414860193,28
274,Толстоногов Данила Иванович,89813636424,42
275,Иванова Валерия Алексеевна,89856038850,26
276,Толстоногов Иван Алексеевич,89112514665,34
277,Иванова Алина Ивановна,89194389993,37
278,Петров Никита Дмитриевич,89680873763,39
279,Толстоногов Иван Дмитриевич,89269737259,22
280,Сидоров Георгий Петрович,89797049451,32
281,Попов Георгий Петрович,89715878547,27
282,Любимова Мария Ивановна,89845618135,58
283,Петрова Алина Олеговна,89887763900,47
284,Толстоногова Милена Ивановна,89269595347,30
285,Иванов Георгий Петрович,89756591488,20
286,Попов Сергей Михайлович,89275238665,35
287,Попова Татьяна Дмитриевна,89829367686,56
288,Лобцов Данила Олегович,89984797463,37
289,Толстоногова Милена Петровна,89614120226,67
290,Попова Ольга Ивановна,89501760924,46
291,Петров Данила Петрович,89490722509,69
292,Попова Оксана Ивановна,89200553926,70
293,Иванова Татьяна Ивановна,89534244142,39
294,Крохалева Елена Алексеевна,89496809175,30
295,Толстоногов Сергей Алексеевич,89107199121,35
296,Петров Сергей Михайлович,89024205064,32
297,Крохалев Никита Михайлович,89483326165,49
298,Иванов Николай Артемович,89561736192,20
299,Лобцова Анастасия Петровна,89025793849,29
300,Сидоров Алексей Алексеевич,89468403593,52
301,Толстоногов Дмитрий Алексеевич,89907899841,64
302,Михайлов Сергей Артемович,89528071104,25
303,Любимова Ольга Артемовна,89362532545,51
304,Петрова Ольга Петровна,89525073533,28
305,Толстоногова Алина Артемовна,89217425553,40
306,Иванов Иван Алексеевич,89952297872,51
307,Попов Сергей Алексеевич,89428869011,35
308,Крохалева Валерия Михайловна,89728650254,38
309,Крохалева Анастасия Михайловна,89172818650,69
310,Толстоногов Дмитрий Михайлович,89250832561,21
311,Иванова Елена Олеговна,89649857170,20
312,Попов Георгий Дмитриевич,89882585458,63
313,Сидоров Никита Олегович,89073010336,65
314,Сидорова Милена Дмитриевна,89768482742,43
315,Петрова Татьяна Алексеевна,89471239413,67
316,Иванова Елена Алексеевна,89304553157,35
317,Крохалев Георгий Алексеевич,89221752481,23
318,Крохалева Ольга Михайловна,89157089155,53
319,Толстоногов Георгий Михайлович,89457664649,23
320,Иванов Алексей Михайлович,89001667183,38
321,Сидорова Валерия Алексеевна,89085272316,32
322,Лобцова Оксана Михайловна,89032347457,36
323,Иванов Георгий Артемович,89143912730,36
324,Сидорова Оксана Петровна,89767851201,20
325,Толстоногова Милена Артемовна,89220938284,39
326,Крохалева Оксана Дмитриевна,89450517681,41
327,Попов Георгий Михайлович,89404196562,70
328,Петров Дмитрий Петрович,89615886639,50
329,Крохалева Валерия Дмитриевна,89416944175,49
330,Крохалева Милена Алексеевна,89051042252,47
331,Сидорова Алина Олеговна,89636710467,45
332,Иванова Милена Петровна,89942235798,42
333,Лобцов Николай Иванович,89572567152,36
334,Иванов Данила Олегович,89679621581,36
335,Толстоногов Николай Дмитриевич,89458366705,64
336,Лобцов Георгий Иванович,89107208450,35
337,Попов Алексей Дмитриевич,89526452465,29
338,Толстоногов Сергей Олегович,89847290110,58
339,Попова Татьяна Петровна,89276737844,48
340,Крохалев Сергей Петрович,89725805203,65
341,Попов Данила Иванович,89139525434,42
342,Толстоногов Данила Артемович,89229039107,40
343,Лобцов Иван Алексеевич,89059664192,40
344,Сидорова Алина Алексеевна,89396337380,44
345,Попов Данила Петрович,89795124962,27
346,Попова Оксана Артемовна,89322741055,34
347,Толстоногова Оксана Петровна,89679945426,38
348,Крохалев Сергей Артемович,89483907243,57
349,Михайлов Георгий Петрович,89800709314,29
350,Любимова Елена Ивановна,89240763564,33
351,Толстоногов Дмитрий Олегович,89667243179,66
352,Иванов Алексей Петрович,89172441946,43
353,Сидорова Валерия Дмитриевна,89732586309,45
354,Любимова Милена Дмитриевна,89605718012,37
355,Толстоногова Елена Петровна,89187725862,20
356,Михайлов Данила Иванович,89519089626,57
357,Иванова Алина Дмитриевна,89639464576,28
358,Петрова Оксана Ивановна,89452361004,41
359,Иванов Дмитрий Олегович,89047967944,33
360,Петрова Алина Ивановна,89202970152,33
361,Петрова Оксана Михайловна,89840648123,48
362,Попов Иван Петрович,89864025689,29
363,Лобцова Татьяна Дмитриевна,89347161788,61
364,Сидоров Георгий Михайлович,89261815529,62
365,Крохалева Елена Петровна,89758759558,49
366,Михайлов Георгий Алексеевич,89357985066,40
367,Петрова Анастасия Петровна,89659083981,49
368,Толстоногова Валерия Петровна,89436736755,59
369,Петрова Елена Алексеевна,89164197152,70
370,Лобцов Данила Олегович,89101386164,47
371,Михайлов Никита Иванович,89756535967,58
372,Сидоров Георгий Петрович,89738743275,20
373,Иванов Иван Петрович,89663605342,32
374,Толстоногова Валерия Олеговна,89942983247,54
375,Лобцов Георгий Алексеевич,89904868699,28
376,Иванова Ольга Ивановна,89854259651,49
377,Крохалева Анастасия Алексеевна,89867370934,36
378,Сидорова Милена Ивановна,89346362012,51
379,Толстоногова Мария Петровна,89517448854,65
380,Иванова Ольга Дмитриевна,89312013263,46
381,Попов Николай Михайлович,89530178144,20
382,Петров Иван Михайлович,89408196977,32
383,Петрова Милена Алексеевна,89569464030,58
384,Любимова Ольга Ивановна,89573308275,56
385,Толстоногов Сергей Дмитриевич,89106161763,60
386,Петров Сергей Михайлович,89892566343,48
387,Иванов Николай Михайлович,89523558263,28
388,Иванов Николай Артемович,89413051003,41
389,Иванов Георгий Олегович,89322832690,21
390,Сидоров Георгий Алексеевич,89356686848,27
391,Попова Ольга Олеговна,89147913658,24
392,Лобцов Сергей Петрович,89568213784,67
393,Попова Татьяна Олеговна,89558244325,32
394,Толстоногов Никита Петрович,89584051356,33
395,Попова Анастасия Дмитриевна,89572634163,40
396,Иванов Иван Петрович,89848245454,40
397,Любимова Анастасия Михайловна,89109818600,56
398,Лобцова Милена Дмитриевна,89052913116,40
399,Любимова Оксана Ивановна,89293955216,55
400,Попова Оксана Михайловна,89904270173,70
401,Попов Данила Петрович,89241679661,63
402,Лобцов Сергей Артемович,89680072415,55
403,Петрова Елена Михайловна,89645604573,49
404,Лобцов Георгий Петрович,89649702048,57
405,Петров Иван Олегович,89682074337,43
406,Толстоногова Елена Артемовна,89230000391,44
407,Иванов Иван Михайлович,89912131517,68
408,Лобцов Иван Алексеевич,89120944384,56
409,Петров Алексей Михайлович,89121411699,35
410,Петров Иван Дмитриевич,89015084044,35
411,Крохалев Иван Алексеевич,89096136049,25
412,Толстоногов Иван Артемович,89411895320,68
413,Крохалева Анастасия Михайловна,89452189366,38
414,Лобцов Алексей Дмитриевич,89320626856,36
415,Попов Иван Олегович,89655593743,39
416,Михайлов Дмитрий Михайлович,89685591439,30
417,Сидорова Анастасия Артемовна,89028263318,63
418,Лобцова Ольга Михайловна,89596974137,36
419,Михайлов Георгий Петрович,89582235580,52
420,Попов Сергей Алексеевич,89729599673,40
421,Сидоров Никита Дмитриевич,89858979695,40
422,Любимова Мария Артемовна,89922806125,29
423,Попов Иван Артемович,89507003136,53
424,Михайлов Николай Олегович,89796663186,52
425,Крохалев Данила Артемович,89773793368,52
426,Лобцова Оксана Михайловна,89299754644,25
427,Михайлов Николай Иванович,89639206601,24
428,Иванов Николай Олегович,89719420955,55
429,Михайлов Данила Олегович,89422891420,38
430,Крохалев Георгий Олегович,89852437720,31
431,Толстоногова Милена Ивановна,89234780829,44
432,Попова Алина Дмитриевна,89052646995,70
433,Лобцов Дмитрий Артемович,89370213609,36
434,Крохалева Оксана Михайловна,89120066344,54
435,Толстоногова Валерия Алексеевна,89534929612,44
436,Толстоногова Татьяна Михайловна,89271681746,27
437,Петров Иван Артемович,89758334794,43
438,Петрова Анастасия Олеговна,89868378267,54
439,Иванов Георгий Олегович,89372378489,26
440,Михайлов Георгий Михайлович,89049013577,33
441,Петрова Алина Алексеевна,89018300106,35
442,Толстоногова Алина Дмитриевна,89074739678,42
443,Петров Дмитрий Петрович,89804589197,30
444,Толстоногова Оксана Ивановна,89270701163,58
445,Лобцова Ольга Ивановна,89448200716,28
446,Попов Никита Михайлович,89857011330,63
447,Сидорова Оксана Ивановна,89975038652,46
448,Сидорова Анастасия Алексеевна,89760885944,27
449,Попова Валерия Михайловна,89589875461,43
450,Попова Алина Михайловна,89229853022,59
451,Сидоров Николай Иванович,89294332254,29
452,Лобцов Сергей Дмитриевич,89632404146,43
453,Лобцов Иван Алексеевич,89420357941,27
454,Попов Никита Дмитриевич,89785383025,20
455,Любимова Алина Олеговна,89176558827,33
456,Толстоногова Алина Дмитриевна,89808281741,50
457,Толстоногова Татьяна Дмитриевна,89936719141,41
458,Лобцова Оксана Ивановна,89259706359,26
459,Любимова Валерия Петровна,89200207078,47
460,Любимова Милена Петровна,89267914787,59
461,Крохалев Никита Артемович,89515792479,32
462,Попов Алексей Алексеевич,89842755353,69
463,Толстоногов Алексей Олегович,89188033019,53
464,Иванова Мария Дмитриевна,89092916623,20
465,Иванова Татьяна Дмитриевна,89730075574,62
466,Крохалева Мария Алексеевна,89531097404,59
467,Крохалева Татьяна Алексеевна,89691334808,67
468,Толстоногов Дмитрий Петрович,89255131070,23
469,Михайлов Николай Артемович,89704415257,56
470,Лобцов Сергей Артемович,89687300477,32
471,Крохалева Мария Олеговна,89096650944,45
472,Любимова Оксана Дмитриевна,89596089625,42
473,Лобцова Мария Олеговна,89662308459,43
474,Лобцов Дмитрий Олегович,89190521599,68
475,Лобцов Дмитрий Михайлович,89051645126,21
476,Толстоногов Никита Олегович,89554196010,32
477,Сидоров Никита Михайлович,89654632815,49
478,Михайлов Георгий Дмитриевич,89374171379,70
479,Иванов Никита Петрович,89574662426,22
480,Крохалева Алина Артемовна,89631306089,52
481,Лобцова Анастасия Дмитриевна,89961954156,51
482,Крохалев Алексей Петрович,89762937015,42
483,Толстоногов Алексей Олегович,89241649489,41
484,Петров Данила Михайлович,89538824506,62
485,Крохалев Данила Алексеевич,89190641124,64
486,Сидоров Дмитрий Петрович,89794367002,35
487,Михайлов Николай Михайлович,89629642580,50
488,Крохалев Алексей Алексеевич,89934784960,28
489,Лобцов Николай Артемович,89642477307,53
490,Попов Дмитрий Иванович,89051500026,53
491,Лобцов Никита Михайлович,89518211725,63
492,Толстоногов Сергей Михайлович,89943100585,52
493,Иванова Мария Артемовна,89635012145,22
494,Иванов Алексей Михайлович,89455685435,40
495,Попова Ольга Алексеевна,89822527035,57
496,Михайлов Дмитрий Артемович,89537716652,23
497,Толстоногов Георгий Дмитриевич,89198730438,35
498,Петрова Милена Петровна,89425618065,30
499,Попов Никита Петрович,89766861894,32
500,Любимова Елена Ивановна,89798368761,37
501,Петров Иван Алексеевич,89309485593,20
502,Попов Данила Олегович,89283799412,31
503,Сидорова Оксана Олеговна,89344769108,26
504,Иванова Ольга Олеговна,89846412364,51
505,Иванов Данила Петрович,89535730399,48
506,Лобцова Милена Алексеевна,89716961805,42
507,Сидоров Сергей Артемович,89921626680,59
508,Толстоногова Алина Петровна,89191483188,44
509,Крохалева Милена Дмитриевна,89317201212,69
510,Михайлов Алексей Михайлович,89757357014,20
511,Иванова Елена Петровна,89936961414,55
512,Крохалев Георгий Михайлович,89337173631,32
513,Петрова Алина Олеговна,89941661905,66
514,Петров Алексей Алексеевич,89320392884,29
515,Крохалева Анастасия Алексеевна,89830265248,70
516,Сидорова Алина Михайловна,89431936994,69
517,Крохалев Алексей Артемович,89376928077,40
518,Крохалев Алексей Дмитриевич,89480778429,64
519,Крохалева Мария Дмитриевна,89579625918,44
520,Попова Алина Артемовна,89067411051,41
521,Попов Никита Олегович,89670183145,21
522,Иванов Дмитрий Дмитриевич,89431791713,38
523,Петрова Валерия Алексеевна,89467382250,68
524,Крохалева Елена Петровна,89437814508,41
525,Лобцова Милена Дмитриевна,89407509700,45
526,Иванова Татьяна Дмитриевна,89129450243,55
527,Крохалева Анастасия Олеговна,89338191192,22
528,Попов Алексей Артемович,89166832118,62
529,Попов Алексей Алексеевич,89272959388,29
530,Сидоров Сергей Михайлович,89550420435,24
531,Сидоров Николай Алексеевич,89249457859,26
532,Любимова Татьяна Олеговна,89117926603,57
533,Попов Иван Артемович,89564547527,46
534,Толстоногова Мария Артемовна,89587219604,43
535,Иванова Ольга Петровна,89921045611,65
536,Толстоногова Мария Артемовна,89384590862,51
537,Петров Николай Михайлович,89753528860,66
538,Любимова Милена Михайловна,89910507088,50
539,Лобцова Алина Ивановна,89056346874,29
540,Толстоногов Николай Олегович,89112429033,25
541,Попов Алексей Иванович,89976869578,34
542,Крохалев Алексей Артемович,89958724563,70
543,Петров Никита Иванович,89294110044,66
544,Михайлов Иван Петрович,89860575572,20
545,Крохалева Оксана Ивановна,89667217404,61
546,Любимова Оксана Алексеевна,89853240536,30
547,Любимова Оксана Михайловна,89792306242,67
548,Попов Алексей Михайлович,89349567045,35
549,Попов Никита Алексеевич,89458757671,57
550,Петрова Оксана Артемовна,89227007928,48
551,Любимова Татьяна Ивановна,89837702891,52
552,Петрова Алина Олеговна,89901900714,68
553,Михайлов Никита Олегович,89618938973,68
554,Попов Георгий Артемович,89622934026,44
555,Толстоногов Дмитрий Дмитриевич,89095008090,42
556,Лобцова Анастасия Ивановна,89465575402,30
557,Толстоногова Елена Олеговна,89592952100,68
558,Иванова Милена Олеговна,89289172534,30
559,Сидорова Анастасия Михайловна,89569811583,52
560,Сидорова Алина Олеговна,89027718180,65
561,Михайлов Георгий Иванович,89838758980,54
562,Толстоногов Дмитрий Иванович,89159801995,67
563,Петров Никита Олегович,89540046004,34
564,Крохалев Данила Михайлович,89020138507,30
565,Иванов Алексей Михайлович,89290290486,57
566,Сидоров Георгий Артемович,89766012848,60
567,Любимова Мария Михайловна,89250184963,44
568,Иванов Никита Олегович,89557443011,65
569,Лобцов Николай Алексеевич,89166238217,54
570,Попова Алина Петровна,89807213609,70
571,Попова Мария Петровна,89253832000,60
572,Михайлов Николай Иванович,89751105531,57
573,Лобцов Георгий Михайлович,89052446456,61
574,Попов Никита Олегович,89623161929,24
575,Петров Георгий Олегович,89023359388,46
576,Толстоногов Дмитрий Дмитриевич,89632842144,63
577,Любимова Елена Алексеевна,89418196604,20
578,Любимова Милена Петровна,89562850100,56
579,Попова Оксана Ивановна,89015043239,57
580,Михайлов Дмитрий Дмитриевич,89326213863,64
581,Михайлов Николай Олегович,89263402065,53
582,Иванов Дмитрий Артемович,89574366595,50
583,Михайлов Алексей Алексеевич,89066456461,33
584,Иванова Оксана Артемовна,89954083271,66
585,Крохалева Татьяна Артемовна,89348187715,52
586,Попов Никита Алексеевич,89825685787,62
587,Сидоров Сергей Иванович,89631257143,34
588,Толстоногова Алина Олеговна,89683348315,23
589,Петрова Татьяна Дмитриевна,89908418149,27
590,Михайлов Сергей Дмитриевич,89048360067,56
591,Иванова Валерия Петровна,89018282607,31
592,Михайлов Сергей Артемович,89426093000,38
593,Михайлов Алексей Артемович,89926641536,43
594,Михайлов Георгий Дмитриевич,89099745013,43
595,Толстоногова Мария Михайловна,89155963442,53
596,Иванов Иван Алексеевич,89956077756,25
597,Сидорова Милена Артемовна,89961930341,22
598,Лобцова Мария Алексеевна,89742788651,57
599,Петрова Мария Артемовна,89815486753,25
600,Крохалев Данила Артемович,89251721863,51
601,Лобцова Оксана Ивановна,89697018233,43
602,Толстоногова Ольга Олеговна,89053651731,63
603,Крохалев Георгий Артемович,89882673375,46
604,Толстоногов Николай Михайлович,89013927580,43
605,Крохалева Мария Ивановна,89742297832,46
606,Попов Георгий Артемович,89195767537,50
607,Попова Елена Петровна,89101564669,39
608,Петров Дмитрий Иванович,89098695465,26
609,Петрова Татьяна Ивановна,89131130279,23
610,Иванов Георгий Петрович,89443704052,55
611,Лобцов Никита Петрович,89297730527,63
612,Крохалева Оксана Алексеевна,89444884314,52
613,Крохалев Георгий Артемович,89272402852,26
614,Сидоров Иван Иванович,89617469281,46
615,Лобцов Иван Олегович,89556218993,32
616,Толстоногов Николай Артемович,89079922403,57
617,Любимова Алина Олеговна,89343567935,58
618,Толстоногов Дмитрий Дмитриевич,89819142035,43
619,Попов Сергей Артемович,89483718675,69
620,Толстоногова Татьяна Алексеевна,89532430146,55
621,Петрова Оксана Олеговна,89202646879,30
622,Петрова Алина Дмитриевна,89018979875,25
623,Сидорова Татьяна Дмитриевна,89114593078,37
624,Попова Валерия Михайловна,89862763521,48
625,Лобцов Николай Алексеевич,89496373022,24
626,Петров Никита Иванович,89345075748,64
627,Сидоров Сергей Олегович,89381794642,57
628,Попов Николай Дмитриевич,89936476769,31
629,Попов Николай Олегович,89378943131,57
630,Лобцов Иван Михайлович,89762921564,66
631,Иванова Мария Алексеевна,89597288596,46
632,Лобцова Оксана Михайловна,89663317405,30
633,Крохалева Анастасия Петровна,89393103065,30
634,Толстоногов Никита Артемович,89033633851,32
635,Иванов Сергей Петрович,89515646969,69
636,Крохалев Сергей Олегович,89479040637,42
637,Попова Валерия Артемовна,89660580195,43
638,Сидорова Валерия Алексеевна,89375540072,46
639,Сидоров Николай Алексеевич,89922107851,52
640,Иванова Татьяна Олеговна,89936529224,38
641,Лобцова Милена Дмитриевна,89701239801,62
642,Лобцов Никита Михайлович,89912780456,25
643,Попова Татьяна Ивановна,89733791511,38
644,Сидоров Николай Дмитриевич,89457207737,60
645,Любимова Валерия Петровна,89797240087,62
646,Иванов Алексей Дмитриевич,89651502516,47
647,Иванов Николай Артемович,89841989508,33
648,Крохалева Мария Артемовна,89227021438,65
649,Сидорова Татьяна Алексеевна,89798291676,56
650,Попова Ольга Артемовна,89333448667,66
651,Лобцова Анастасия Ивановна,89050321874,30
652,Крохалева Анастасия Артемовна,89175930515,22
653,Петрова Мария Артемовна,89344133093,38
654,Иванова Ольга Дмитриевна,89631797263,32
655,Попова Ольга Алексеевна,89775113961,20
656,Петрова Ольга Олеговна,89781279471,68
657,Петрова Оксана Дмитриевна,89524634628,23
658,Сидоров Иван Алексеевич,89287575266,42
659,Лобцов Дмитрий Артемович,89258797801,50
660,Лобцова Валерия Дмитриевна,89065407806,26
661,Петров Сергей Михайлович,89391687851,50
662,Крохалева Милена Дмитриевна,89938059672,59
663,Сидорова Елена Петровна,89375886856,69
664,Сидорова Татьяна Олеговна,89683254571,21
665,Лобцова Алина Олеговна,89618037477,49
666,Толстоногова Мария Артемовна,89386078600,51
667,Сидоров Дмитрий Петрович,89497952430,67
668,Толстоногов Сергей Михайлович,89985387883,55
669,Лобцов Алексей Алексеевич,89553356886,42
670,Петрова Татьяна Петровна,89720439858,65
671,Петрова Мария Ивановна,89724657254,21
672,Любимова Оксана Ивановна,89952268623,47
673,Попова Валерия Олеговна,89440276433,48
674,Попова Мария Дмитриевна,89672913736,67
675,Сидорова Алина Алексеевна,89669253089,65
676,Петрова Алина Алексеевна,89665103101,25
677,Иванов Дмитрий Михайлович,89051426782,23
678,Крохалев Сергей Дмитриевич,89333353840,44
679,Лобцов Иван Михайлович,89591861077,29
680,Толстоногов Дмитрий Артемович,89398104877,66
681,Попов Алексей Михайлович,89814475801,39
682,Лобцов Дмитрий Алексеевич,89158894889,52
683,Попов Иван Дмитриевич,89687682737,26
684,Петрова Анастасия Олеговна,89546566820,50
685,Иванов Иван Дмитриевич,89521846116,31
686,Петров Сергей Иванович,89212071600,56
687,Сидоров Дмитрий Михайлович,89340032653,25
688,Сидоров Дмитрий Михайлович,89536701601,31
689,Иванова Татьяна Михайловна,89017765473,63
690,Любимова Милена Ивановна,89288476056,61
691,Петрова Оксана Ивановна,89276104998,57
692,Крохалева Валерия Олеговна,89093624677,67
693,Петров Никита Дмитриевич,89038805623,68
694,Петров Дмитрий Олегович,89595304999,57
695,Крохалев Данила Петрович,89399084581,62
696,Крохалев Николай Артемович,89097385329,25
697,Попова Оксана Артемовна,89730234038,33
698,Крохалев Иван Иванович,89977121420,37
699,Михайлов Иван Петрович,89116535967,31
700,Толстоногов Дмитрий Дмитриевич,89959133289,60
701,Сидоров Иван Алексеевич,89288221310,50
702,Петрова Алина Алексеевна,89463156616,48
703,Лобцов Иван Артемович,89791894045,67
704,Толстоногова Ольга Ивановна,89862816652,28
705,Петрова Алина Олеговна,89944409486,68
706,Попов Георгий Иванович,89928715593,49
707,Иванова Татьяна Олеговна,89812024073,55
708,Михайлов Никита Иванович,89812994161,34
709,Любимова Милена Михайловна,89335997999,22
710,Сидоров Георгий Иванович,89503756897,54
711,Иванов Алексей Алексеевич,89599694484,64
712,Крохалев Дмитрий Алексеевич,89766548778,54
713,Сидорова Анастасия Петровна,89149405963,26
714,Толстоногова Мария Алексеевна,89963573218,51
715,Толстоногов Данила Дмитриевич,89789318060,64
716,Крохалева Ольга Михайловна,89437287165,61
717,Михайлов Николай Дмитриевич,89974439701,29
718,Сидоров Иван Алексеевич,89419942888,58
719,Толстоногова Алина Дмитриевна,89806561722,42
720,Попов Николай Олегович,89388135067,54
721,Попова Мария Артемовна,89510320844,39
722,Петров Данила Иванович,89760342889,48
723,Толстоногов Николай Алексеевич,89966103702,34
724,Сидорова Алина Михайловна,89521237334,59
725,Петров Сергей Олегович,89916812189,70
726,Иванова Оксана Михайловна,89846396572,21
727,Крохалев Дмитрий Петрович,89425903931,30
728,Сидоров Сергей Артемович,89292481729,21
729,Толстоногова Елена Дмитриевна,89566642475,25
730,Попова Мария Петровна,89377269059,33
731,Толстоногова Мария Ивановна,89291848650,21
732,Толстоногов Георгий Михайлович,89384164565,62
733,Сидоров Георгий Петрович,89251692658,58
734,Попов Сергей Иванович,89785407742,32
735,Лобцова Ольга Артемовна,89747457020,31
736,Сидорова Валерия Ивановна,89490178232,23
737,Толстоногов Николай Дмитриевич,89838557087,36
738,Сидоров Алексей Петрович,89993846363,60
739,Толстоногова Оксана Олеговна,89146310164,42
740,Крохалева Оксана Артемовна,89857120171,62
741,Михайлов Алексей Иванович,89131985036,63
742,Толстоногова Милена Ивановна,89012328516,22
743,Петрова Алина Олеговна,89224809583,28
744,Петров Георгий Петрович,89566918044,31
745,Попова Анастасия Дмитриевна,89342620459,42
746,Иванов Георгий Петрович,89070996337,26
747,Сидорова Мария Ивановна,89003936364,35
748,Крохалев Данила Алексеевич,89704216587,70
749,Иванов Николай Алексеевич,89949277659,39
750,Лобцова Милена Петровна,89243415062,25
751,Лобцов Алексей Петрович,89951653310,39
752,Толстоногова Ольга Михайловна,89338411717,51
753,Иванова Оксана Михайловна,89561815499,53
754,Лобцов Данила Олегович,89231630970,42
755,Иванова Ольга Петровна,89535411882,22
756,Толстоногова Милена Алексеевна,89834061587,48
757,Петрова Анастасия Петровна,89994537316,26
758,Петрова Ольга Олеговна,89380514140,64
759,Лобцов Дмитрий Петрович,89420669199,35
760,Любимова Валерия Ивановна,89013136755,20
761,Иванов Сергей Михайлович,89786325065,36
762,Петрова Ольга Михайловна,89061983898,69
763,Сидорова Валерия Ивановна,89043509818,70
764,Любимова Алина Олеговна,89851934683,54
765,Попова Алина Михайловна,89555379684,61
766,Петрова Милена Дмитриевна,89038477941,27
767,Петрова Валерия Ивановна,89902435316,61
768,Попова Татьяна Олеговна,89049944602,64
769,Любимова Елена Петровна,89502400722,42
770,Попов Дмитрий Петрович,89545273026,23
771,Толстоногов Данила Михайлович,89524310833,43
772,Петров Никита Иванович,89005999698,58
773,Толстоногова Алина Петровна,89802884285,27
774,Толстоногов Никита Дмитриевич,89693306086,35
775,Крохалева Татьяна Михайловна,89905909933,52
776,Крохалев Алексей Дмитриевич,89880507435,23
777,Михайлов Георгий Артемович,89544158677,35
778,Лобцов Данила Петрович,89005669849,69
779,Сидоров Дмитрий Петрович,89520291733,37
780,Толстоногов Дмитрий Артемович,89716834210,65
781,Петров Алексей Алексеевич,89390227410,26
782,Попов Дмитрий Олегович,89701199196,24
783,Михайлов Сергей Алексеевич,89096322042,20
784,Лобцова Алина Алексеевна,89470986646,67
785,Крохалева Ольга Алексеевна,89833033659,22
786,Попова Татьяна Петровна,89522920361,51
787,Лобцова Татьяна Дмитриевна,89931324018,22
788,Попова Милена Петровна,89165623474,70
789,Лобцова Милена Алексеевна,89074718146,37
790,Толстоногов Георгий Иванович,89725101340,61
791,Иванов Данила Олегович,89189517599,55
792,Толстоногова Елена Дмитриевна,89664878607,43
793,Попов Алексей Алексеевич,89976215373,28
794,Петров Иван Артемович,89071685439,33
795,Сидорова Ольга Михайловна,89431913469,39
796,Лобцова Милена Петровна,89680131177,47
797,Сидоров Николай Олегович,89493966483,55
798,Иванова Татьяна Михайловна,89680330202,36
799,Попова Оксана Дмитриевна,89548666761,64
800,Михайлов Никита Алексеевич,89012688936,57
801,Крохалев Георгий Алексеевич,89063610065,36
802,Лобцова Оксана Олеговна,89568402662,53
803,Иванов Алексей Петрович,89279294082,50
804,Михайлов Николай Петрович,89363730882,21
805,Лобцов Алексей Артемович,89378888618,47
806,Петрова Елена Олеговна,89179541041,48
807,Сидорова Ольга Олеговна,89868501412,51
808,Иванова Милена Артемовна,89636040057,25
809,Иванова Оксана Михайловна,89109263015,43
810,Петрова Татьяна Ивановна,89886734136,39
811,Михайлов Иван Олегович,89541296645,49
812,Крохалева Татьяна Олеговна,89538943384,57
813,Любимова Оксана Артемовна,89856120112,57
814,Сидоров Николай Иванович,89638720750,64
815,Лобцова Елена Дмитриевна,89646540284,21
816,Крохалев Данила Артемович,89693263623,58
817,Иванов Сергей Олегович,89334044186,52
818,Попова Елена Петровна,89756628230,55
819,Попова Милена Артемовна,89979905930,28
820,Сидорова Мария Ивановна,89635290540,57
821,Любимова Ольга Олеговна,89938117333,50
822,Крохалев Алексей Дмитриевич,89102379289,43
823,Толстоногов Алексей Алексеевич,89737908172,47
824,Иванова Алина Олеговна,89537635180,38
825,Петрова Оксана Ивановна,89191819782,58
826,Лобцов Сергей Петрович,89593224622,60
827,Сидорова Анастасия Артемовна,89539141091,47
828,Петров Иван Иванович,89905137717,31
829,Попова Ольга Дмитриевна,89577483527,65
830,Толстоногова Татьяна Петровна,89417674266,53
831,Толстоногов Георгий Иванович,89596736768,38
832,Сидорова Мария Петровна,89935117295,35
833,Иванова Мария Дмитриевна,89882190600,57
834,Сидорова Татьяна Михайловна,89072802898,20
835,Сидорова Милена Алексеевна,89575065195,66
836,Лобцова Алина Алексеевна,89424787939,27
837,Крохалева Ольга Алексеевна,89084604686,65
838,Сидорова Ольга Дмитриевна,89376990448,50
839,Иванова Татьяна Михайловна,89817677069,21
840,Петрова Ольга Ивановна,89573815750,21
841,Попова Валерия Дмитриевна,89979949893,35
842,Лобцов Дмитрий Олегович,89914410196,34
843,Петров Иван Михайлович,89851518283,20
844,Сидорова Валерия Дмитриевна,89086438128,25
845,Иванова Мария Дмитриевна,89334176093,31
846,Толстоногова Валерия Михайловна,89219982351,63
847,Попова Ольга Олеговна,89544775393,43
848,Любимова Алина Артемовна,89658142256,70
849,Любимова Алина Олеговна,89968030693,52
850,Попова Мария Дмитриевна,89638817357,43
851,Толстоногова Ольга Петровна,89939038949,32
852,Петров Георгий Олегович,89894243221,66
853,Толстоногов Дмитрий Алексеевич,89708352937,21
854,Толстоногова Оксана Петровна,89757674262,50
855,Любимова Алина Петровна,89653721804,48
856,Толстоногова Ольга Олеговна,89499175337,55
857,Лобцов Никита Михайлович,89536170437,65
858,Сидорова Валерия Ивановна,89599274606,61
859,Петрова Валерия Петровна,89253031737,56
860,Попова Алина Алексеевна,89234757496,20
861,Иванова Алина Михайловна,89174136096,52
862,Петров Алексей Иванович,89167878487,32
863,Петрова Ольга Дмитриевна,89365946025,38
864,Сидорова Оксана Михайловна,89698750652,39
865,Лобцов Дмитрий Михайлович,89503472316,37
866,Крохалева Татьяна Алексеевна,89697054487,53
867,Иванова Ольга Дмитриевна,89328423462,34
868,Лобцова Елена Дмитриевна,89030050979,56
869,Сидорова Анастасия Дмитриевна,89943172941,43
870,Иванова Татьяна Михайловна,89289769426,30
871,Попова Елена Артемовна,89863710988,65
872,Крохалев Иван Петрович,89356569822,66
873,Михайлов Сергей Петрович,89389023681,47
874,Крохалев Сергей Дмитриевич,89771250384,27
875,Сидоров Данила Алексеевич,89528713079,36
876,Попов Георгий Алексеевич,89042561539,36
877,Толстоногов Дмитрий Олегович,89082431977,55
878,Попова Татьяна Олеговна,89558492397,69
879,Сидорова Елена Ивановна,89946158373,30
880,Михайлов Сергей Олегович,89216468391,58
881,Толстоногов Георгий Иванович,89662209144,41
882,Иванова Анастасия Олеговна,89241067123,62
883,Сидорова Валерия Олеговна,89294285015,41
884,Сидоров Георгий Олегович,89316618110,68
885,Крохалев Алексей Алексеевич,89899802228,69
886,Сидоров Дмитрий Петрович,89127185756,49
887,Михайлов Алексей Петрович,89370618128,39
888,Попова Оксана Алексеевна,89723543249,56
889,Петрова Татьяна Петровна,89986979091,63
890,Лобцов Николай Дмитриевич,89258870064,58
891,Попов Алексей Артемович,89495324403,55
892,Попов Дмитрий Иванович,89635107159,58
893,Попова Валерия Артемовна,89167976960,23
894,Иванов Никита Иванович,89022457518,63
895,Сидорова Елена Петровна,89917252220,46
896,Лобцова Елена Артемовна,89961698770,63
897,Лобцов Иван Петрович,89474623949,49
898,Крохалев Дмитрий Олегович,89773424665,20
899,Толстоногов Никита Олегович,89235044382,31
900,Лобцов Георгий Артемович,89261624280,51
901,Петров Никита Иванович,89969177623,47
902,Толстоногова Мария Артемовна,89175532090,61
903,Лобцов Георгий Алексеевич,89953637715,35
904,Крохалев Алексей Михайлович,89318725820,25
905,Лобцов Николай Олегович,89400030629,51
906,Лобцов Данила Михайлович,89578835860,67
907,Петрова Татьяна Олеговна,89007091878,68
908,Сидоров Георгий Олегович,89944973343,66
909,Иванова Ольга Артемовна,89798373976,35
910,Петрова Анастасия Дмитриевна,89505922906,66
911,Лобцова Милена Михайловна,89424493730,40
912,Петров Никита Иванович,89129167803,36
913,Сидорова Елена Алексеевна,89087030270,56
914,Попов Никита Артемович,89306209101,66
915,Иванова Анастасия Ивановна,89337556704,42
916,Сидоров Данила Михайлович,89520547772,36
917,Толстоногов Иван Иванович,89607683736,49
918,Сидорова Ольга Олеговна,89821460216,50
919,Иванов Никита Артемович,89702644332,35
920,Петрова Елена Петровна,89733802547,46
921,Сидоров Георгий Артемович,89496931223,70
922,Попов Николай Алексеевич,89501075568,35
923,Петров Данила Дмитриевич,89595337811,39
924,Петрова Валерия Артемовна,89449819782,30
925,Крохалев Иван Артемович,89100502629,49
926,Сидорова Ольга Алексеевна,89616290314,44
927,Крохалев Данила Петрович,89602933276,44
928,Сидорова Ольга Олеговна,89043091161,60
929,Петрова Мария Петровна,89622210571,40
930,Сидорова Милена Олеговна,89066431109,63
931,Иванов Сергей Артемович,89449738971,28
932,Михайлов Николай Михайлович,89489035430,31
933,Лобцова Милена Петровна,89870598774,26
934,Михайлов Николай Артемович,89556190474,50
935,Толстоногов Сергей Петрович,89204436604,49
936,Сидорова Ольга Михайловна,89583212455,40
937,Попова Мария Дмитриевна,89108430857,44
938,Лобцова Елена Олеговна,89744639339,49
939,Сидорова Татьяна Дмитриевна,89574047043,40
940,Лобцова Валерия Михайловна,89931976308,62
941,Крохалев Данила Алексеевич,89581171560,67
942,Толстоногов Георгий Олегович,89914564520,60
943,Толстоногов Данила Олегович,89565321032,70
944,Сидорова Алина Дмитриевна,89102281807,46
945,Иванова Оксана Ивановна,89290368516,43
946,Лобцова Елена Дмитриевна,89897825271,59
947,Лобцова Милена Олеговна,89941960343,48
948,Крохалева Татьяна Дмитриевна,89239452157,36
949,Петрова Алина Михайловна,89923443256,69
950,Толстоногов Никита Алексеевич,89160989084,58
951,Петров Иван Петрович,89171641515,69
952,Сидоров Николай Петрович,89273194303,31
953,Лобцов Алексей Артемович,89623991452,59
954,Михайлов Иван Артемович,89539962445,46
955,Иванов Сергей Дмитриевич,89219019703,69
956,Толстоногов Алексей Дмитриевич,89130184599,34
957,Толстоногов Георгий Дмитриевич,89924884401,60
958,Толстоногова Анастасия Дмитриевна,89142371190,26
959,Иванов Данила Алексеевич,89026085541,47
960,Михайлов Дмитрий Артемович,89837363943,28
961,Любимова Оксана Артемовна,89922078375,23
962,Иванов Георгий Михайлович,89295465795,29
963,Петрова Анастасия Михайловна,89445968914,35
964,Лобцов Данила Дмитриевич,89297551119,22
965,Петров Данила Дмитриевич,89342275410,41
966,Попова Милена Михайловна,89449508291,32
967,Толстоногова Алина Петровна,89734570232,54
968,Толстоногова Анастасия Петровна,89689922788,21
969,Иванова Ольга Дмитриевна,89703810458,22
970,Петрова Мария Ивановна,89107227329,59
971,Толстоногов Никита Михайлович,89667763476,67
972,Крохалева Милена Олеговна,89548596814,47
973,Попова Мария Артемовна,89913295835,59
974,Попов Данила Олегович,89606223949,63
975,Толстоногова Татьяна Олеговна,89769970991,50
976,Любимова Ольга Дмитриевна,89542512314,47
977,Иванов Алексей Иванович,89910609714,44
978,Крохалев Сергей Олегович,89769558207,25
979,Попова Татьяна Ивановна,89673699990,48
980,Крохалева Ольга Дмитриевна,89927090083,55
981,Попова Оксана Алексеевна,89797635511,33
982,Толстоногова Милена Дмитриевна,89061321785,52
983,Петрова Елена Михайловна,89181821933,34
984,Иванова Татьяна Олеговна,89889339563,52
985,Толстоногов Дмитрий Олегович,89353076576,59
986,Сидорова Мария Алексеевна,89719457505,46
987,Попова Елена Дмитриевна,89807392239,35
988,Сидоров Алексей Дмитриевич,89807801990,34
989,Любимова Ольга Михайловна,89005675477,33
990,Попова Милена Артемовна,89467258543,27
991,Сидоров Алексей Иванович,89504414977,59
992,Михайлов Георгий Дмитриевич,89296971100,27
993,Толстоногов Никита Михайлович,89177697753,25
994,Лобцова Милена Ивановна,89488041652,35
995,Попова Алина Михайловна,89655362125,25
996,Иванова Алина Алексеевна,89448727136,45
997,Петров Сергей Дмитриевич,89354027493,45
998,Сидорова Валерия Алексеевна,89767135681,55
999,Петров Дмитрий Артемович,89533095625,60
1000,Попов Дмитрий Алексеевич,89499447377,48
1001,Попова Алина Ивановна,89096925417,51
